COD_TIPO_RAPPORTO,TIPO_RAPPORTO,COD_PRESTAZIONE,DESC_PRESTAZIONE,ANNO,NUMERO
2,STRUTTURA ACCREDITATA,0391,INIEZIONE DI ANESTETICO NEL CANALE VERTEBRALE PER ANALGESIA INIEZIONE PERIDURALE ESCLUSO: IL CASO IN,2017,2
2,STRUTTURA ACCREDITATA,0443,LIBERAZIONE DEL TUNNEL CARPALE (INCLUSO ESAMI PRE-OPERATORI E CONTROLLI POST-OPERATORI),2017,317
2,STRUTTURA ACCREDITATA,0601,ASPIRAZIONE NELLA REGIONE TIROIDEA DRENAGGIO ECO-GUIDATO PERCUTANEO  DELLA REGIONE TIROIDEA ALCOLIZZ,2017,11
2,STRUTTURA ACCREDITATA,06112,BIOPSIA [PERCUTANEA] [AGOBIOPSIA] DELLA TIROIDE BIOPSIA ECO-GUIDATA DI MATERIALE AGOASPIRATO DELLA T,2017,303
2,STRUTTURA ACCREDITATA,0821,ASPORTAZIONE DI CALAZIO,2017,2
2,STRUTTURA ACCREDITATA,0919,ALTRE PROCEDURE DIAGNOSTICHE SULL'APPARATO LACRIMALE TEST DI SCHIRMER ESCLUSO: DACRIOCISTOGRAMMA PER,2017,25
2,STRUTTURA ACCREDITATA,0941,SPECILLAZIONE DEL PUNTO LACRIMALE,2017,1
2,STRUTTURA ACCREDITATA,1214,IRIDECTOMIA IRIDECTOMIA (BASALE) (PERIFERICA) (TOTALE) (IRIDECTOMIA MEDIANTE LASER) ESCLUSO: IRIDECT,2017,120
2,STRUTTURA ACCREDITATA,1364,CAPSULOTOMIA YAG-LASER PER CATARATTA SECONDARIA SEPARAZIONE DI MEMBRANA SECONDARIA (DOPO CATARATTA),2017,185
2,STRUTTURA ACCREDITATA,1433,RIPARAZIONE DI LACERAZIONE DELLA RETINA MEDIANTE FOTOCOAGULAZIONE  CON XENON (LASER),2017,1
2,STRUTTURA ACCREDITATA,1434,RIPARAZIONE DI LACERAZIONE DELLA RETINA MEDIANTE FOTOCOAGULAZIONE  CON ARGON (LASER),2017,67
2,STRUTTURA ACCREDITATA,1812,BIOPSIA DELL'ORECCHIO ESTERNO,2017,1
2,STRUTTURA ACCREDITATA,2101,CONTROLLO DI EPISTASSI MEDIANTE TAMPONAMENTO NASALE ANTERIORE,2017,8
2,STRUTTURA ACCREDITATA,2103,CONTROLLO DI EPISTASSI MEDIANTE CAUTERIZZAZIONE (E TAMPONAMENTO) (CURA COMPLETA),2017,53
2,STRUTTURA ACCREDITATA,2122,BIOPSIA DEL NASO,2017,9
2,STRUTTURA ACCREDITATA,2912,BIOPSIA FARINGEA,2017,13
2,STRUTTURA ACCREDITATA,3142,LARINGOSCOPIA E ALTRA TRACHEOSCOPIA LARINGOSCOPIA A FIBRE OTTICHE,2017,2198
2,STRUTTURA ACCREDITATA,31421,LARINGOSCOPIA INDIRETTA INCLUSO: ANESTESIA,2017,21
2,STRUTTURA ACCREDITATA,38591,MINISTRIPPING DI VENE VARICOSE DELL' ARTO INFERIORE STRIPPING DELLE COLLATERALI,2017,9
2,STRUTTURA ACCREDITATA,40191,AGOBIOPSIA LINFONODALE ECO-GUIDATA,2017,13
2,STRUTTURA ACCREDITATA,42331,ASPORTAZIONE O DEMOLIZIONE ENDOSCOPICA DI LESIONE O TESSUTO ESOFAGEO PER VIA ENDOSCOPICA:  POLIPECTO,2017,2
2,STRUTTURA ACCREDITATA,4311,CONFEZIONAMENTO GASTROSTOMIA PERCUTANEA [ENDOSCOPICA] [PEG],2017,3
2,STRUTTURA ACCREDITATA,43411,ASPORTAZIONE O DEMOLIZIONE LOCALE DI LESIONE O TESSUTO DELLO STOMACO PER VIA ENDOSCOPICA POLIPECTOMI,2017,31
2,STRUTTURA ACCREDITATA,4513,ESOFAGOGASTRODUODENOSCOPIA [EGD] ENDOSCOPIA DELL' INTESTINO TENUE ESCLUSO: ENDOSCOPIA CON BIOPSIA (4,2017,157
2,STRUTTURA ACCREDITATA,4514,BIOPSIA [ENDOSCOPICA] DELL' INTESTINO TENUE BRUSHING O WASHING PER PRELIEVO DI CAMPIONE ESCLUSO: ESO,2017,82
2,STRUTTURA ACCREDITATA,4516,"ESOFAGOGASTRODUODENOSCOPIA [EGD] CON BIOPSIA BIOPSIA DI UNA O PIÙ SEDI DI ESOFAGO, STOMACO E DUODENO",2017,1312
2,STRUTTURA ACCREDITATA,4523,COLONSCOPIA CON ENDOSCOPIO FLESSIBILE ESCLUSO: COLONSCOPIA TRANSADDOMINALE O ATTRAVERSO STOMA ARTIFI,2017,1341
2,STRUTTURA ACCREDITATA,45231,COLONSCOPIA - ILEOSCOPIA RETROGRADA,2017,384
2,STRUTTURA ACCREDITATA,45232,COLONSCOPIA-ILEOSCOPIA RETROGRADA CON BIOPSIA,2017,271
2,STRUTTURA ACCREDITATA,4524,SIGMOIDOSCOPIA CON ENDOSCOPIO FLESSIBILE ENDOSCOPIA DEL COLON DISCENDENTE ESCLUSO: PROCTOSIGMOIDOSCO,2017,25
2,STRUTTURA ACCREDITATA,4525,BIOPSIA [ENDOSCOPICA] DELL' INTESTINO CRASSO BIOPSIA DI SEDI INTESTINALI ASPECIFICHE BRUSHING O WASH,2017,301
2,STRUTTURA ACCREDITATA,4542,POLIPECTOMIA ENDOSCOPICA  DELL' INTESTINO CRASSO POLIPECTOMIA DI UNO O PIÙ POLIPI CON APPROCCIO ENDO,2017,939
2,STRUTTURA ACCREDITATA,45431,ASPORTAZIONE O DEMOLIZIONE LOCALE DI LESIONE O TESSUTO DELL' INTESTINO CRASSO   PER VIA ENDOSCOPICA,2017,4
2,STRUTTURA ACCREDITATA,4823,PROCTOSIGMOIDOSCOPIA CON ENDOSCOPIO RIGIDO ESCLUSO: SIGMOIDOSCOPIA CON ENDOSCOPIO FLESSIBILE (45.24),2017,21
2,STRUTTURA ACCREDITATA,4824,BIOPSIA [ENDOSCOPICA] DEL RETTO BRUSHING O WASHING PER RACCOLTA DI CAMPIONE PROCTOSIGMOIDOSCOPIA CON,2017,8
2,STRUTTURA ACCREDITATA,4921,ANOSCOPIA,2017,237
2,STRUTTURA ACCREDITATA,5091,ASPIRAZIONE PERCUTANEA DEL FEGATO ALCOLIZZAZIONE PERCUTANEA ECO-GUIDATA  ESCLUSO: BIOPSIA PERCUTANEA,2017,1
2,STRUTTURA ACCREDITATA,54241,BIOPSIA [PERCUTANEA][AGOBIOPSIA] ECO-GUIDATA DI MASSA INTRAADDOMINALE ESCLUSO: AGOBIOPSIA DI TUBE DI,2017,10
2,STRUTTURA ACCREDITATA,5717,"CISTOSTOMIA PERCUTANEA ESCLUSO: RIMOZIONE DI SONDA CISTOSTOMICA, SOSTITUZIONE DI SONDA CISTOSTOMICA,",2017,9
2,STRUTTURA ACCREDITATA,5732,"CISTOSCOPIA [TRANSURETRALE] ESCLUSO: CISTOURETEROSCOPIA CON BIOPSIA URETERALE, PIELOGRAFIA RETROGRAD",2017,32
2,STRUTTURA ACCREDITATA,5794,CATETERISMO VESCICALE,2017,38
2,STRUTTURA ACCREDITATA,5831,ASPORTAZIONE O  ELETTROCOAGULAZIONE DI LESIONE O TESSUTO DELL'URETRA ASPORTAZIONE DI CARUNCOLA URETR,2017,4
2,STRUTTURA ACCREDITATA,58601,"DILATAZIONE URETRALE DILAZIONE DI GIUNTURA URETROVESCICALE, PASSAGGIO DI SONDA ATTRAVERSO L'URETRA (",2017,47
2,STRUTTURA ACCREDITATA,58602,DILATAZIONI URETRALI PROGRESSIVE (PER SEDUTA),2017,3
2,STRUTTURA ACCREDITATA,60111,BIOPSIA TRANSPERINEALE [PERCUTANEA] [AGOBIOPSIA] DELLA PROSTATA AGOBIOPSIA ECO-GUIDATA DELLA PROSTAT,2017,149
2,STRUTTURA ACCREDITATA,6191,PUNTURA EVACUATIVA DI IDROCELE DELLA TUNICA VAGINALE ASPIRAZIONE PERCUTANEA DELLA TUNICA VAGINALE,2017,4
2,STRUTTURA ACCREDITATA,6411,BIOPSIA DEL PENE,2017,1
2,STRUTTURA ACCREDITATA,64921,FRENULOTOMIA,2017,16
2,STRUTTURA ACCREDITATA,6712,BIOPSIA ENDOCERVICALE [ISTEROSCOPIA] ESCLUSO: CONIZZAZIONE DELLA CERVICE,2017,31
2,STRUTTURA ACCREDITATA,67191,BIOPSIA MIRATA DELLA PORTIO A GUIDA COLPOSCOPICA  BIOPSIA DI UNA O PIÙ SEDI,2017,9
2,STRUTTURA ACCREDITATA,68121,ISTEROSCOPIA ESCLUSO: BIOPSIA CON DILATAZIONE DEL CANALE CERVICALE,2017,103
2,STRUTTURA ACCREDITATA,68161,BIOPSIA DEL CORPO UTERINO BIOPSIA ENDOSCOPICA [ISTEROSCOPIA] DELL' ENDOMETRIO ESCLUSO: BIOPSIA CON D,2017,1
2,STRUTTURA ACCREDITATA,68291,ASPORTAZIONE DI TUMORI BENIGNI PEDUNCOLATI DELL' UTERO ASPORTAZIONE POLIPI ENDOMETRIALI A GUIDA ISTE,2017,19
2,STRUTTURA ACCREDITATA,7021,COLPOSCOPIA,2017,78
2,STRUTTURA ACCREDITATA,7024,BIOPSIA DELLE PARETI VAGINALI CON EVENTUALE PUNTURA ESPLORATIVA,2017,1
2,STRUTTURA ACCREDITATA,8191,"ARTROCENTESI ASPIRAZIONE ARTICOLARE ESCLUSO: QUELLA PER: BIOPSIA DELLE STRUTTURE ARTICOLARI (80.30),",2017,391
2,STRUTTURA ACCREDITATA,8192,INIEZIONE DI SOSTANZE TERAPEUTICHE NELL'ARTICOLAZIONE O NEL LEGAMENTO,2017,12497
2,STRUTTURA ACCREDITATA,8229,ASPORTAZIONE DI ALTRE LESIONI DEI TESSUTI MOLLI DELLA MANO,2017,2
2,STRUTTURA ACCREDITATA,8291,"LISI DI ADERENZE DELLA MANO. LIBERAZIONE DI ADERENZE DI FASCIA, MUSCOLO, TENDINE DELLA MANO",2017,55
2,STRUTTURA ACCREDITATA,8309,ALTRA INCISIONE DEI TESSUTI MOLLI INCISIONE DELLA FASCIA INCISIONE PER RIMOZIONE DI CORPI ESTRANEI S,2017,59
2,STRUTTURA ACCREDITATA,83211,BIOPSIA ECO-GUIDATA DEI TESSUTI MOLLI,2017,63
2,STRUTTURA ACCREDITATA,85111,BIOPSIA ECO-GUIDATA  DELLA MAMMELLA BIOPSIA CON AGO SOTTILE DELLA MAMMELLA,2017,101
2,STRUTTURA ACCREDITATA,85118,INDIVIDUAZIONE ECOGUIDATA DEL VOLUME BERSAGLIO DELLA MAMMELLA,2017,5
2,STRUTTURA ACCREDITATA,85211,ASPIRAZIONE PERCUTANEA DI CISTI DELLA MAMMELLA ECO-GUIDATA,2017,8
2,STRUTTURA ACCREDITATA,8601,"ASPIRAZIONE DELLA CUTE E DEL TESSUTO SOTTOCUTANEO SULLE UNGHIE, SULLA PELLE O SUL TESSUTO SOTTOCUTAN",2017,43
2,STRUTTURA ACCREDITATA,86051,INCISIONE CON RIMOZIONE DI CORPO ESTRANEO DA CUTE E TESSUTO SOTTOCUTANEO  ESTRAZIONE DI CORPO ESTRAN,2017,1
2,STRUTTURA ACCREDITATA,8622,"RIMOZIONE ASPORTATIVA DI FERITA, INFEZIONE O USTIONE RIMOZIONE PER MEZZO DI ASPORTAZIONE DI: TESSUTO",2017,551
2,STRUTTURA ACCREDITATA,8623,"RIMOZIONE DI UNGHIA, MATRICE UNGUEALE O PLICA UNGUEALE",2017,27
2,STRUTTURA ACCREDITATA,8627,"CURETTAGE DI UNGHIA, MATRICE UNGUEALE O PLICA UNGUEALE RIMOZIONE DI: NECROSI, MASSA DI TESSUTO NECRO",2017,1
2,STRUTTURA ACCREDITATA,8628,"RIMOZIONE NON ASPORTATIVA DI FERITA, INFEZIONE O USTIONE RIMOZIONE NAS RIMOZIONE DI TESSUTO DEVITALI",2017,2
2,STRUTTURA ACCREDITATA,86301,"ASPORTAZIONE O DEMOLIZIONE LOCALE DI LESIONE O TESSUTO CUTANEO E SOTTOCUTANEO, MEDIANTE CRIOTERAPIA",2017,5
2,STRUTTURA ACCREDITATA,8703,"TOMOGRAFIA COMPUTERIZZATA (TC) DEL CAPO TC DEL CRANIO [SELLA TURCICA, ORBITE] TC DELL' ENCEFALO",2017,54
2,STRUTTURA ACCREDITATA,87031,"TOMOGRAFIA COMPUTERIZZATA (TC) DEL CAPO, SENZA E CON CONTRASTO TC DEL CRANIO [SELLA TURCICA, ORBITE]",2017,2
2,STRUTTURA ACCREDITATA,87032,"TOMOGRAFIA COMPUTERIZZATA (TC) DEL MASSICCIO FACCIALE TC DEL MASSICCIO FACCIALE [MASCELLARE, SENI PA",2017,53
2,STRUTTURA ACCREDITATA,87092,RADIOGRAFIA DEL TRATTO FARINGO-CRICO-ESOFAGEO-CARDIALE CON VIDEOREGISTRAZIONE,2017,4
2,STRUTTURA ACCREDITATA,87113,ORTOPANORAMICA DELLE ARCATE DENTARIE ARCATE DENTARIE COMPLETE SUPERIORE E INFERIORE (OPT),2017,5092
2,STRUTTURA ACCREDITATA,87114,TOMOGRAFIA [STRATIGRAFIA] DELLE ARCATE DENTARIE,2017,607
2,STRUTTURA ACCREDITATA,87121,TELERADIOGRAFIA DEL CRANIO PER  CEFALOMETRIA ORTODONTICA,2017,566
2,STRUTTURA ACCREDITATA,87161,"ALTRA RADIOGRAFIA DI OSSA DELLA FACCIA RADIOGRAFIA (2 PROIEZIONI) DI: ORBITE, MASTOIDI [ROCCHE PETRO",2017,59
2,STRUTTURA ACCREDITATA,87164,TOMOGRAFIA [STRATIGRAFIA] ARTICOLAZIONE TEMPOROMANDIBOLARE BILATERALE INCLUSO: ESAME DIRETTO  ESCLUS,2017,113
2,STRUTTURA ACCREDITATA,87171,RADIOGRAFIA DEL CRANIO E  DEI SENI PARANASALI CRANIO IN TRE PROIEZIONI,2017,275
2,STRUTTURA ACCREDITATA,87172,RADIOGRAFIA DELLA SELLA TURCICA (2 PROIEZIONI),2017,1
2,STRUTTURA ACCREDITATA,8722,RADIOGRAFIA DELLA COLONNA CERVICALE (2 PROIEZIONI) ESAME MORFODINAMICO DELLA COLONNA CERVICALE,2017,3001
2,STRUTTURA ACCREDITATA,8723,RADIOGRAFIA DELLA COLONNA TORACICA (DORSALE) (2 PROIEZIONI) ESAME MORFODINAMICO DELLA COLONNA DORSAL,2017,1277
2,STRUTTURA ACCREDITATA,8724,RADIOGRAFIA DELLA COLONNA LOMBOSACRALE (2 PROIEZIONI) RADIOGRAFIA DEL RACHIDE LOMBOSACRALE O SACROCO,2017,6741
2,STRUTTURA ACCREDITATA,8729,RADIOGRAFIA COMPLETA DELLA COLONNA  (2 PROIEZIONI) RADIOGRAFIA COMPLETA DELLA COLONNA E DEL BACINO S,2017,29
2,STRUTTURA ACCREDITATA,87371,MAMMOGRAFIA  BILATERALE (2 PROIEZIONI),2017,3714
2,STRUTTURA ACCREDITATA,87372,MAMMOGRAFIA MONOLATERALE (2 PROIEZIONI),2017,20
2,STRUTTURA ACCREDITATA,87411,"TOMOGRAFIA COMPUTERIZZATA (TC) DEL TORACE, SENZA E CON CONTRASTO TC DEL TORACE [POLMONI, AORTA TORAC",2017,12
2,STRUTTURA ACCREDITATA,87431,"RADIOGRAFIA DI COSTE, STERNO E CLAVICOLA (3 PROIEZIONI) SCHELETRO TORACICO COSTALE BILATERALE",2017,392
2,STRUTTURA ACCREDITATA,87432,"ALTRA RADIOGRAFIA DI COSTE, STERNO E CLAVICOLA (2 PROIEZIONI) SCHELETRO TORACICO COSTALE MONOLATERAL",2017,292
2,STRUTTURA ACCREDITATA,87441,"RADIOGRAFIA DEL TORACE DI ROUTINE, NAS RADIOGRAFIA STANDARD DEL TORACE [TELERADIOGRAFIA, TELECUORE]",2017,1709
2,STRUTTURA ACCREDITATA,8762,RADIOGRAFIA  DEL TRATTO GASTROINTESTINALE SUPERIORE STUDIO SERIATO DELLE PRIME VIE DEL TUBO DIGERENT,2017,2
2,STRUTTURA ACCREDITATA,87622,RADIOGRAFIA DELL'ESOFAGO CON DOPPIO CONTRASTO,2017,36
2,STRUTTURA ACCREDITATA,87623,RADIOGRAFIA  DELLO STOMACO E DEL DUODENO CON DOPPIO CONTRASTO,2017,11
2,STRUTTURA ACCREDITATA,8763,STUDIO SERIATO DELL' INTESTINO TENUE,2017,1
2,STRUTTURA ACCREDITATA,87651,CLISMA OPACO SEMPLICE,2017,1
2,STRUTTURA ACCREDITATA,87652,CLISMA CON DOPPIO CONTRASTO,2017,14
2,STRUTTURA ACCREDITATA,87691,"ALTRE PROCEDURE DIAGNOSTICHE SULL' APPARATO DIGERENTE DEFECOGRAFIA, ANSOGRAMMA COLICO PER ATRESIA AN",2017,21
2,STRUTTURA ACCREDITATA,87761,CISTOURETROGRAFIA MINZIONALE,2017,13
2,STRUTTURA ACCREDITATA,8777,CISTOGRAFIA (4 RADIOGRAMMI) INCLUSO: ESAME DIRETTO,2017,13
2,STRUTTURA ACCREDITATA,88011,"TOMOGRAFIA COMPUTERIZZATA (TC) DELL' ADDOME SUPERIORE INCLUSO: FEGATO E VIE BILIARI, PANCREAS, MILZA",2017,1
2,STRUTTURA ACCREDITATA,88012,"TOMOGRAFIA COMPUTERIZZATA (TC) DELL' ADDOME SUPERIORE, SENZA E CON CONTRASTO INCLUSO: FEGATO E VIE B",2017,1
2,STRUTTURA ACCREDITATA,88015,TOMOGRAFIA COMPUTERIZZATA (TC) DELL' ADDOME COMPLETO,2017,6
2,STRUTTURA ACCREDITATA,88016,"TOMOGRAFIA COMPUTERIZZATA (TC) DELL' ADDOME COMPLETO, SENZA E CON CONTRASTO",2017,16
2,STRUTTURA ACCREDITATA,8819,RADIOGRAFIA DELL' ADDOME (2 PROIEZIONI),2017,44
2,STRUTTURA ACCREDITATA,8821,"RADIOGRAFIA DELLA SPALLA E DELL' ARTO SUPERIORE RADIOGRAFIA (2 PROIEZIONI) DI: SPALLA, BRACCIO, TORA",2017,2334
2,STRUTTURA ACCREDITATA,8822,"RADIOGRAFIA DEL GOMITO E DELL' AVAMBRACCIO RADIOGRAFIA (2 PROIEZIONI) DI: GOMITO, AVAMBRACCIO",2017,307
2,STRUTTURA ACCREDITATA,8823,"RADIOGRAFIA DEL POLSO E DELLA MANO RADIOGRAFIA (2 PROIEZIONI) DI: POLSO, MANO, DITO DELLA MANO",2017,3014
2,STRUTTURA ACCREDITATA,8826,"RADIOGRAFIA DI PELVI  E ANCA RADIOGRAFIA DEL BACINO, RADIOGRAFIA DELL' ANCA",2017,5510
2,STRUTTURA ACCREDITATA,8827,"RADIOGRAFIA DEL FEMORE, GINOCCHIO E GAMBA RADIOGRAFIA (2 PROIEZIONI) DI: FEMORE, GINOCCHIO, GAMBA",2017,7443
2,STRUTTURA ACCREDITATA,8828,"RADIOGRAFIA DEL PIEDE E DELLA CAVIGLIA RADIOGRAFIA (2 PROIEZIONI) DI: CAVIGLIA, PIEDE [CALCAGNO], DI",2017,6782
2,STRUTTURA ACCREDITATA,88291,RADIOGRAFIA COMPLETA DEGLI ARTI INFERIORI E DEL BACINO SOTTO CARICO,2017,716
2,STRUTTURA ACCREDITATA,88292,RADIOGRAFIA  ASSIALE DELLA ROTULA (3 PROIEZIONI),2017,341
2,STRUTTURA ACCREDITATA,8831,RADIOGRAFIA DELLO SCHELETRO IN TOTO [SCHELETRO PER PATOLOGIA SISTEMICA],2017,1
2,STRUTTURA ACCREDITATA,88331,STUDIO DELL' ETA' OSSEA  (1 PROIEZIONE) POLSO-MANO O GINOCCHIA,2017,25
2,STRUTTURA ACCREDITATA,88381,"TOMOGRAFIA COMPUTERIZZATA  (TC) DEL RACHIDE E DELLO SPECO VERTEBRALE TC DEL RACHIDE [CERVICALE, TORA",2017,6
2,STRUTTURA ACCREDITATA,88386,TOMOGRAFIA COMPUTERIZZATA (TC) DELL' ARTO INFERIORE TC DI: ARTICOLAZIONE COXO-FEMORALE E FEMORE [ART,2017,4
2,STRUTTURA ACCREDITATA,88714,"DIAGNOSTICA ECOGRAFICA DEL CAPO E DEL COLLO ECOGRAFIA DI: GHIANDOLE SALIVARI, COLLO PER LINFONODI, T",2017,10910
2,STRUTTURA ACCREDITATA,88721,ECOGRAFIA CARDIACA  ECOCARDIOGRAFIA,2017,1106
2,STRUTTURA ACCREDITATA,88722,ECODOPPLERGRAFIA CARDIACA A RIPOSO O DOPO PROVA FISICA O FARMACOLOGICA,2017,166
2,STRUTTURA ACCREDITATA,88723,ECOCOLORDOPPLERGRAFIA CARDIACA A RIPOSO O DOPO PROVA FISICA O FARMACOLOGICA,2017,8950
2,STRUTTURA ACCREDITATA,88724,ECO(COLOR)DOPPLERGRAFIA CARDIACA TRANSESOFAGEA ECOCARDIOGRAFIA TRANSESOFAGEA,2017,2
2,STRUTTURA ACCREDITATA,88731,ECOGRAFIA DELLA MAMMELLA  BILATERALE,2017,4201
2,STRUTTURA ACCREDITATA,88732,ECOGRAFIA DELLA MAMMELLA  MONOLATERALE,2017,77
2,STRUTTURA ACCREDITATA,88735,ECO(COLOR)DOPPLER DEI TRONCHI SOVRAAORTICI  A RIPOSO O DOPO PROVA FISICA O FARMACOLOGICA,2017,15959
2,STRUTTURA ACCREDITATA,88741,"ECOGRAFIA DELL' ADDOME SUPERIORE INCLUSO: FEGATO E VIE BILIARI, PANCREAS, MILZA, RENI E SURRENI, RET",2017,3131
2,STRUTTURA ACCREDITATA,88745,ECO(COLOR)DOPPLER DEI RENI E DEI SURRENI,2017,117
2,STRUTTURA ACCREDITATA,88751,"ECOGRAFIA DELL' ADDOME INFERIORE  INCLUSO: URETERI, VESCICA E PELVI MASCHILE O FEMMINILE  ESCLUSO: E",2017,1754
2,STRUTTURA ACCREDITATA,88752,"ECO(COLOR)DOPPLER DELL'ADDOME INFERIORE VESCICA E PELVI MASCHILE O FEMMINILE, ECOGRAFIA OSTETRICA O",2017,80
2,STRUTTURA ACCREDITATA,88761,ECOGRAFIA ADDOME COMPLETO,2017,24601
2,STRUTTURA ACCREDITATA,88762,"ECOGRAFIA DI GROSSI VASI ADDOMINALI AORTA ADDOMINALE, GROSSI VASI ADDOMINALI E LINFONODI PARAVASALI",2017,294
2,STRUTTURA ACCREDITATA,88771,"ECOGRAFIA DEGLI ARTI SUPERIORI O INFERIORI O DISTRETTUALE, ARTERIOSA  O VENOSA A RIPOSO O DOPO PROVA",2017,1
2,STRUTTURA ACCREDITATA,88772,"ECO(COLOR)DOPPLERGRAFIA DEGLI ARTI SUPERIORI O INFERIORI O DISTRETTUALE, ARTERIOSA O VENOSA A RIPOSO",2017,7737
2,STRUTTURA ACCREDITATA,8878,ECOGRAFIA OSTETRICA,2017,366
2,STRUTTURA ACCREDITATA,88782,ECOGRAFIA GINECOLOGICA,2017,70
2,STRUTTURA ACCREDITATA,88791,ECOGRAFIA DELLA CUTE E DEL TESSUTO SOTTOCUTANEO,2017,10388
2,STRUTTURA ACCREDITATA,88792,ECOGRAFIA OSTEOARTICOLARE ECOGRAFIA DEL BACINO PER SCREENING LUSSAZIONE CONGENITA DELL' ANCA,2017,9767
2,STRUTTURA ACCREDITATA,88793,ECOGRAFIA MUSCOLOTENDINEA,2017,1359
2,STRUTTURA ACCREDITATA,88795,ECOGRAFIA DEL PENE,2017,13
2,STRUTTURA ACCREDITATA,88796,ECOGRAFIA DEI TESTICOLI,2017,1765
2,STRUTTURA ACCREDITATA,88797,ECOGRAFIA TRANSVAGINALE,2017,2744
2,STRUTTURA ACCREDITATA,88798,ECOGRAFIA TRANSRETTALE,2017,1014
2,STRUTTURA ACCREDITATA,88903,TOMOGRAFIA COMPUTERIZZATA (TC) DEL RACHIDE E DELLO SPECO VERTEBRALE SPAZIO INTERSOMATICO O METAMERO,2017,4
2,STRUTTURA ACCREDITATA,88911,RISONANZA MAGNETICA NUCLEARE (RM) DEL CERVELLO E DEL TRONCO ENCEFALICO INCLUSO: RELATIVO DISTRETTO V,2017,2192
2,STRUTTURA ACCREDITATA,88912,"RISONANZA MAGNETICA NUCLEARE (RM) DEL CERVELLO E DEL TRONCO ENCEFALICO, SENZA E CON CONTRASTO INCLUS",2017,1161
2,STRUTTURA ACCREDITATA,88913,"RISONANZA MAGNETICA NUCLEARE (RM) DEL MASSICCIO FACCIALE [SELLA TURCICA, ORBITE, ROCCHE PETROSE, ART",2017,263
2,STRUTTURA ACCREDITATA,88914,"RISONANZA MAGNETICA NUCLEARE (RM) DEL MASSICCIO FACCIALE, SENZA E CON CONTRASTO [SELLA TURCICA, ORBI",2017,626
2,STRUTTURA ACCREDITATA,88915,ANGIO- RM DEL DISTRETTO VASCOLARE INTRACRANICO,2017,465
2,STRUTTURA ACCREDITATA,88916,"RISONANZA MAGNETICA NUCLEARE (RM) DEL COLLO [FARINGE, LARINGE, PAROTIDI-GHIANDOLE SALIVARI, TIROIDE-",2017,2
2,STRUTTURA ACCREDITATA,88917,"RISONANZA MAGNETICA NUCLEARE (RM) DEL COLLO, SENZA E CON CONTRASTO [FARINGE, LARINGE, PAROTIDI-GHIAN",2017,35
2,STRUTTURA ACCREDITATA,88918,ANGIO- RM DEI VASI DEL COLLO,2017,1
2,STRUTTURA ACCREDITATA,8892,"RISONANZA MAGNETICA NUCLEARE (RM) DEL TORACE  [MEDIASTINO, ESOFAGO] INCLUSO: RELATIVO DISTRETTO VASC",2017,5
2,STRUTTURA ACCREDITATA,88921,"RISONANZA MAGNETICA NUCLEARE (RM) DEL TORACE, SENZA E CON CONTRASTO [MEDIASTINO, ESOFAGO] INCLUSO: R",2017,7
2,STRUTTURA ACCREDITATA,8893,"RISONANZA MAGNETICA NUCLEARE (RM) DELLA COLONNA CERVICALE, TORACICA, LOMBOSACRALE",2017,5816
2,STRUTTURA ACCREDITATA,88931,"RISONANZA MAGNETICA NUCLEARE (RM) DELLA COLONNA, SENZA E CON CONTRASTO CERVICALE, TORACICA, LOMBOSAC",2017,122
2,STRUTTURA ACCREDITATA,88941,"RISONANZA MAGNETICA NUCLEARE (RM) MUSCOLOSCHELETRICA RM DI SPALLA E BRACCIO [SPALLA, BRACCIO] RM DI",2017,9109
2,STRUTTURA ACCREDITATA,88942,"RISONANZA MAGNETICA NUCLEARE (RM) MUSCOLOSCHELETRICA, SENZA E CON CONTRASTO RM DI SPALLA E BRACCIO [",2017,106
2,STRUTTURA ACCREDITATA,88943,ANGIO-RM DELL' ARTO SUPERIORE O INFERIORE,2017,1
2,STRUTTURA ACCREDITATA,88951,"RISONANZA MAGNETICA NUCLEARE (RM) DELL'ADDOME SUPERIORE INCLUSO: FEGATO E VIE BILIARI, MILZA, PANCRE",2017,57
2,STRUTTURA ACCREDITATA,88952,"RISONANZA MAGNETICA NUCLEARE (RM) DELL'ADDOME SUPERIORE, SENZA E CON CONTRASTO INCLUSO: FEGATO E VIE",2017,206
2,STRUTTURA ACCREDITATA,88953,ANGIO RM DELL'ADDOME SUPERIORE,2017,11
2,STRUTTURA ACCREDITATA,88954,RISONANZA MAGNETICA NUCLEARE (RM) DELL'ADDOME INFERIORE E SCAVO PELVICO VESCICA E PELVI MASCHILE O F,2017,39
2,STRUTTURA ACCREDITATA,88955,"RISONANZA MAGNETICA NUCLEARE (RM) DELL'ADDOME INFERIORE E SCAVO PELVICO, SENZA E CON CONTRASTO VESCI",2017,190
2,STRUTTURA ACCREDITATA,88956,ANGIO RM DELL'ADDOME INFERIORE,2017,4
2,STRUTTURA ACCREDITATA,88992,"DENSITOMETRIA OSSEA CON TECNICA DI ASSORBIMENTO A  RAGGI X LOMBARE, FEMORALE, ULTRADISTALE",2017,8363
2,STRUTTURA ACCREDITATA,88993,DENSITOMETRIA OSSEA CON TECNICA DI ASSORBIMENTO A  RAGGI X TOTAL BODY,2017,26
2,STRUTTURA ACCREDITATA,88995,DENSITOMETRIA OSSEA AD ULTRASUONI,2017,5
2,STRUTTURA ACCREDITATA,8901,"ANAMNESI E VALUTAZIONE, DEFINITE BREVI STORIA E VALUTAZIONE ABBREVIATA, VISITA SUCCESSIVA ALLA PRIMA",2017,13496
2,STRUTTURA ACCREDITATA,8911,TONOMETRIA,2017,9
2,STRUTTURA ACCREDITATA,8913,VISITA NEUROLOGICA,2017,319
2,STRUTTURA ACCREDITATA,89151,POTENZIALI EVOCATI ACUSTICI,2017,9
2,STRUTTURA ACCREDITATA,8926,"VISITA GINECOLOGICA VISITA  OSTETRICO-GINECOLOGICA/ANDROLOGICA, ESAME PELVICO",2017,1660
2,STRUTTURA ACCREDITATA,89371,SPIROMETRIA SEMPLICE,2017,109
2,STRUTTURA ACCREDITATA,89372,SPIROMETRIA GLOBALE,2017,2
2,STRUTTURA ACCREDITATA,89374,TEST DI BRONCODILATAZIONE FARMACOLOGICA SPIROMETRIA BASALE E DOPO SOMMINISTRAZIONE DI FARMACO,2017,2
2,STRUTTURA ACCREDITATA,8941,TEST CARDIOVASCOLARE DA SFORZO CON PEDANA MOBILE ESCLUSO: PROVA DA SFORZO CARDIORESPIRATORIO (89.44.,2017,1
2,STRUTTURA ACCREDITATA,8943,TEST CARDIOVASCOLARE DA SFORZO CON CICLOERGOMETRO ESCLUSO: PROVA DA SFORZO CARDIORESPIRATORIO (89.44,2017,2922
2,STRUTTURA ACCREDITATA,89441,"PROVA DA SFORZO CARDIORESPIRATORIO  ECG, ANALISI GAS RESPIRATORI, DETERMINAZIONE DELLA VENTILAZIONE,",2017,58
2,STRUTTURA ACCREDITATA,89442,TEST DEL CAMMINO,2017,4
2,STRUTTURA ACCREDITATA,89481,CONTROLLO E PROGRAMMAZIONE PACE-MAKER,2017,54
2,STRUTTURA ACCREDITATA,8950,ELETTROCARDIOGRAMMA DINAMICO DISPOSITIVI ANALOGICI (HOLTER),2017,3502
2,STRUTTURA ACCREDITATA,8952,ELETTROCARDIOGRAMMA,2017,5874
2,STRUTTURA ACCREDITATA,89611,MONITORAGGIO CONTINUO [24 ORE] DELLA PRESSIONE ARTERIOSA,2017,848
2,STRUTTURA ACCREDITATA,89655,MONITORAGGIO INCRUENTO DELLA SATURAZIONE ARTERIOSA,2017,2202
2,STRUTTURA ACCREDITATA,8966,EMOGASANALISI DI SANGUE MISTO VENOSO,2017,2
2,STRUTTURA ACCREDITATA,897,"VISITA GENERALE VISITA SPECIALISTICA, PRIMA VISITA ESCLUSO: VISITA NEUROLOGICA (89.13), VISITA GINEC",2017,38356
2,STRUTTURA ACCREDITATA,90012,17 ALFA IDROSSIPROGESTERONE (17 OH-P),2017,85
2,STRUTTURA ACCREDITATA,90015,ACIDI BILIARI,2017,143
2,STRUTTURA ACCREDITATA,90021,ACIDO 5 IDROSSI 3 INDOLACETICO  [DU],2017,2
2,STRUTTURA ACCREDITATA,90024,ACIDO IPPURICO,2017,1
2,STRUTTURA ACCREDITATA,90034,ACIDO VALPROICO,2017,251
2,STRUTTURA ACCREDITATA,90035,ACIDO VANILMANDELICO (VMA) [DU],2017,5
2,STRUTTURA ACCREDITATA,90042,ADRENALINA - NORADRENALINA [P],2017,11
2,STRUTTURA ACCREDITATA,90043,ADRENALINA - NORADRENALINA [U],2017,11
2,STRUTTURA ACCREDITATA,90045,ALANINA AMINOTRANSFERASI (ALT) (GPT) [S/U],2017,17099
2,STRUTTURA ACCREDITATA,90051,ALBUMINA [S/U/DU],2017,1654
2,STRUTTURA ACCREDITATA,90052,ALDOLASI [S],2017,1
2,STRUTTURA ACCREDITATA,90053,ALDOSTERONE [S/U],2017,45
2,STRUTTURA ACCREDITATA,90054,ALFA 1 ANTITRIPSINA [S],2017,21
2,STRUTTURA ACCREDITATA,90055,ALFA 1 FETOPROTEINA [S/LA/ALB],2017,498
2,STRUTTURA ACCREDITATA,90061,ALFA 1 GLICOPROTEINA ACIDA [S],2017,14
2,STRUTTURA ACCREDITATA,90064,ALFA AMILASI [S/U],2017,459
2,STRUTTURA ACCREDITATA,90065,ALFA AMILASI ISOENZIMI (FRAZIONE PANCREATICA),2017,783
2,STRUTTURA ACCREDITATA,90075,AMMONIO [P],2017,139
2,STRUTTURA ACCREDITATA,90082,ANGIOTENSINA II,2017,19
2,STRUTTURA ACCREDITATA,90084,APOLIPOPROTEINA ALTRA,2017,31
2,STRUTTURA ACCREDITATA,90085,APOLIPOPROTEINA B,2017,21
2,STRUTTURA ACCREDITATA,90091,APTOGLOBINA,2017,30
2,STRUTTURA ACCREDITATA,90092,ASPARTATO AMINOTRANSFERASI  (AST) (GOT) [S],2017,17486
2,STRUTTURA ACCREDITATA,90093,BARBITURICI,2017,41
2,STRUTTURA ACCREDITATA,90101,BETA2 MICROGLOBULINA [S/U],2017,252
2,STRUTTURA ACCREDITATA,90102,BICARBONATI (IDROGENOCARBONATO),2017,3
2,STRUTTURA ACCREDITATA,90104,BILIRUBINA TOTALE,2017,825
2,STRUTTURA ACCREDITATA,90105,BILIRUBINA TOTALE E FRAZIONATA,2017,5808
2,STRUTTURA ACCREDITATA,90111,C PEPTIDE,2017,7
2,STRUTTURA ACCREDITATA,90114,CALCIO TOTALE [S/U/DU],2017,5386
2,STRUTTURA ACCREDITATA,90115,CALCITONINA,2017,267
2,STRUTTURA ACCREDITATA,90121,CALCOLI E CONCREZIONI (RICERCA SEMIQUANTITATIVA),2017,3
2,STRUTTURA ACCREDITATA,90123,CARBAMAZEPINA,2017,161
2,STRUTTURA ACCREDITATA,90125,CERULOPLASMINA,2017,13
2,STRUTTURA ACCREDITATA,90133,CLORURO [S/U/DU],2017,2146
2,STRUTTURA ACCREDITATA,90135,COBALAMINA (VIT. B12) [S],2017,3035
2,STRUTTURA ACCREDITATA,90141,COLESTEROLO HDL,2017,18247
2,STRUTTURA ACCREDITATA,90142,COLESTEROLO LDL,2017,3929
2,STRUTTURA ACCREDITATA,90143,COLESTEROLO TOTALE,2017,18738
2,STRUTTURA ACCREDITATA,90144,COLINESTERASI (PSEUDO-CHE),2017,55
2,STRUTTURA ACCREDITATA,90152,CORTICOTROPINA (ACTH) [P],2017,94
2,STRUTTURA ACCREDITATA,90153,CORTISOLO [S/U],2017,340
2,STRUTTURA ACCREDITATA,90154,CREATINCHINASI (CPK O CK),2017,2352
2,STRUTTURA ACCREDITATA,90155,CREATINCHINASI ISOENZIMA MB (CK-MB),2017,3
2,STRUTTURA ACCREDITATA,90163,CREATININA [S/U/DU/LA],2017,22036
2,STRUTTURA ACCREDITATA,90164,CREATININA CLEARANCE,2017,30
2,STRUTTURA ACCREDITATA,90171,DEIDROEPIANDROSTERONE (DEA),2017,21
2,STRUTTURA ACCREDITATA,90172,DEIDROEPIANDROSTERONE SOLFATO (DEA-S),2017,201
2,STRUTTURA ACCREDITATA,90173,DELTA 4 ANDROSTENEDIONE,2017,122
2,STRUTTURA ACCREDITATA,90175,DIIDROTESTOSTERONE (DHT),2017,27
2,STRUTTURA ACCREDITATA,90183,"DROGHE D'ABUSO AMFETAMINA, CAFFEINA, CANNABINOIDI, COCAINA, EROINA, LSD, OPPIACEI, FENILCICLIDINA, P",2017,46
2,STRUTTURA ACCREDITATA,90184,ENOLASI NEURONESPECIFICA (NSE),2017,21
2,STRUTTURA ACCREDITATA,90192,ESTRADIOLO (E2) [S/U],2017,931
2,STRUTTURA ACCREDITATA,90193,ESTRIOLO (E3) [S/U],2017,1
2,STRUTTURA ACCREDITATA,90195,ESTRONE (E1),2017,3
2,STRUTTURA ACCREDITATA,90201,ETANOLO,2017,2
2,STRUTTURA ACCREDITATA,90211,FARMACI DIGITALICI,2017,129
2,STRUTTURA ACCREDITATA,90213,"FECI ESAME CHIMICO E MICROSCOPICO (GRASSI, PROD. DI DIGESTIONE, PARASSITI)",2017,33
2,STRUTTURA ACCREDITATA,90214,FECI SANGUE OCCULTO,2017,1908
2,STRUTTURA ACCREDITATA,90221,FENITOINA,2017,2
2,STRUTTURA ACCREDITATA,90223,FERRITINA [P/(SG)ER],2017,6104
2,STRUTTURA ACCREDITATA,90225,FERRO [S],2017,6246
2,STRUTTURA ACCREDITATA,90232,FOLATO [S/(SG)ER],2017,3328
2,STRUTTURA ACCREDITATA,90233,FOLLITROPINA (FSH) [S/U],2017,1062
2,STRUTTURA ACCREDITATA,90234,FOSFATASI ACIDA,2017,4
2,STRUTTURA ACCREDITATA,90235,FOSFATASI ALCALINA,2017,4116
2,STRUTTURA ACCREDITATA,90241,FOSFATASI ALCALINA ISOENZIMA OSSEO,2017,5
2,STRUTTURA ACCREDITATA,90243,FOSFATO INORGANICO [S/U/DU],2017,225
2,STRUTTURA ACCREDITATA,90245,FOSFORO,2017,1170
2,STRUTTURA ACCREDITATA,90255,GAMMA GLUTAMIL TRANSPEPTIDASI (GAMMA GT) [S/U],2017,15635
2,STRUTTURA ACCREDITATA,90261,GASTRINA [S],2017,11
2,STRUTTURA ACCREDITATA,90264,GLUCOSIO (CURVA DA CARICO 3 DETERMINAZIONI),2017,61
2,STRUTTURA ACCREDITATA,90265,GLUCOSIO (CURVA DA CARICO 6 DETERMINAZIONI),2017,1
2,STRUTTURA ACCREDITATA,90271,GLUCOSIO [S/P/U/DU/LA],2017,23765
2,STRUTTURA ACCREDITATA,90272,GLUCOSIO 6 FOSFATO DEIDROGENASI (G6PDH) [(SG)ER],2017,27
2,STRUTTURA ACCREDITATA,90273,GONADOTROPINA CORIONICA (PROVA IMMUNOLOGICA DI GRAVIDANZA [U],2017,26
2,STRUTTURA ACCREDITATA,90275,"GONADOTROPINA CORIONICA (SUBUNITÀ BETA, MOLECOLA INTERA)",2017,426
2,STRUTTURA ACCREDITATA,90281,HB - EMOGLOBINA GLICATA,2017,8587
2,STRUTTURA ACCREDITATA,90284,IMMUNOGLOBULINE: CATENE KAPPA E LAMBDA [S/U],2017,96
2,STRUTTURA ACCREDITATA,90285,"INSULINA (CURVA DA CARICO O DOPO TEST FARMACOLOGICI, MAX. 5)",2017,1
2,STRUTTURA ACCREDITATA,90291,INSULINA [S],2017,124
2,STRUTTURA ACCREDITATA,90292,LATTATO DEIDROGENASI (LDH) [S/F],2017,2162
2,STRUTTURA ACCREDITATA,90302,LIPASI [S],2017,282
2,STRUTTURA ACCREDITATA,90303,LIPOPROTEINA (A),2017,20
2,STRUTTURA ACCREDITATA,90314,LIQUIDO SEMINALE ESAME MORFOLOGICO E INDICE DI FERTILITA',2017,8
2,STRUTTURA ACCREDITATA,90315,LIQUIDO SEMINALE PROVE DI VALUTAZIONE DELLA FERTILITA',2017,6
2,STRUTTURA ACCREDITATA,90322,LITIO [P],2017,194
2,STRUTTURA ACCREDITATA,90323,LUTEOTROPINA (LH) [S/U],2017,1018
2,STRUTTURA ACCREDITATA,90325,MAGNESIO TOTALE [S/U/DU/(SG)ER],2017,1248
2,STRUTTURA ACCREDITATA,90334,MICROALBUMINURIA,2017,1839
2,STRUTTURA ACCREDITATA,90335,MIOGLOBINA [S/U],2017,62
2,STRUTTURA ACCREDITATA,90351,ORMONE SOMATOTROPO (GH) [P/U],2017,21
2,STRUTTURA ACCREDITATA,90354,OSTEOCALCINA (BGP),2017,2
2,STRUTTURA ACCREDITATA,90355,PARATORMONE (PTH) [S],2017,467
2,STRUTTURA ACCREDITATA,90363,PIOMBO [S/U],2017,1
2,STRUTTURA ACCREDITATA,90374,POTASSIO [S/U/DU/(SG)ER],2017,13985
2,STRUTTURA ACCREDITATA,90375,PRIMIDONE,2017,1
2,STRUTTURA ACCREDITATA,90381,PROGESTERONE [S],2017,509
2,STRUTTURA ACCREDITATA,90382,PROLATTINA (PRL) [S],2017,1145
2,STRUTTURA ACCREDITATA,90384,PROTEINE (ELETTROFORESI DELLE) [S] INCLUSO: DOSAGGIO PROTEINE TOTALI,2017,4071
2,STRUTTURA ACCREDITATA,90385,PROTEINE [S/U/DU/LA],2017,2214
2,STRUTTURA ACCREDITATA,90391,PROTEINE URINARIE (ELETTROFORESI DELLE) INCLUSO: DOSAGGIO PROTEINE TOTALI,2017,10
2,STRUTTURA ACCREDITATA,90402,RENINA [P],2017,59
2,STRUTTURA ACCREDITATA,90404,SODIO [S/U/DU/(SG)ER],2017,12497
2,STRUTTURA ACCREDITATA,90407,SOMATOMEDINA,2017,36
2,STRUTTURA ACCREDITATA,90412,TEOFILLINA,2017,9
2,STRUTTURA ACCREDITATA,90413,TESTOSTERONE [P/U],2017,473
2,STRUTTURA ACCREDITATA,90414,TESTOSTERONE LIBERO,2017,152
2,STRUTTURA ACCREDITATA,90415,TIREOGLOBULINA (TG),2017,312
2,STRUTTURA ACCREDITATA,90421,TIREOTROPINA (TSH),2017,14004
2,STRUTTURA ACCREDITATA,90423,TIROXINA LIBERA (FT4),2017,9210
2,STRUTTURA ACCREDITATA,90424,TRANSFERRINA (CAPACITÀ FERROLEGANTE),2017,186
2,STRUTTURA ACCREDITATA,90425,TRANSFERRINA [S],2017,421
2,STRUTTURA ACCREDITATA,90432,TRIGLICERIDI,2017,18461
2,STRUTTURA ACCREDITATA,90433,TRIODOTIRONINA LIBERA (FT3),2017,4595
2,STRUTTURA ACCREDITATA,90435,URATO [S/U/DU],2017,9555
2,STRUTTURA ACCREDITATA,90441,UREA [S/P/U/DU],2017,10699
2,STRUTTURA ACCREDITATA,90443,URINE ESAME CHIMICO FISICO E MICROSCOPICO,2017,20667
2,STRUTTURA ACCREDITATA,90445,VITAMINA D,2017,5010
2,STRUTTURA ACCREDITATA,90454,ZINCO [S/U],2017,43
2,STRUTTURA ACCREDITATA,90473,ANTICORPI ANTI ANTIGENI NUCLEARI ESTRAIBILI (ENA) SCREENING,2017,286
2,STRUTTURA ACCREDITATA,90475,"ANTICORPI ANTI CARDIOLIPINA (IGG, IGA, IGM)",2017,111
2,STRUTTURA ACCREDITATA,90481,ANTICORPI ANTI CELLULE PARIETALI GASTRICHE (PCA),2017,40
2,STRUTTURA ACCREDITATA,90482,ANTICORPI ANTI CITOPLASMA DEI NEUTROFILI (ANCA),2017,116
2,STRUTTURA ACCREDITATA,90483,ANTICORPI ANTI DNA NATIVO,2017,70
2,STRUTTURA ACCREDITATA,90486,ANTICORPI ANTI ENDOMISIO (EMA),2017,1614
2,STRUTTURA ACCREDITATA,90493,ANTICORPI ANTI ERITROCITI [TEST DI COOMBS INDIRETTO],2017,1178
2,STRUTTURA ACCREDITATA,90495,"ANTICORPI ANTI GLIADINA (IGG, IGA)",2017,195
2,STRUTTURA ACCREDITATA,90514,ANTICORPI ANTI MICROSOMI (ABTMS) O ANTI TIREOPEROSSIDASI (ABTPO),2017,817
2,STRUTTURA ACCREDITATA,90515,ANTICORPI ANTI MICROSOMI EPATICI E RENALI (LKMA),2017,15
2,STRUTTURA ACCREDITATA,90521,ANTICORPI ANTI MITOCONDRI (AMA),2017,43
2,STRUTTURA ACCREDITATA,90522,ANTICORPI ANTI MUSCOLO LISCIO (ASMA),2017,32
2,STRUTTURA ACCREDITATA,90523,ANTICORPI ANTI MUSCOLO STRIATO (CUORE),2017,1
2,STRUTTURA ACCREDITATA,90524,ANTICORPI ANTI NUCLEO (ANA),2017,876
2,STRUTTURA ACCREDITATA,90525,ANTICORPI ANTI ORGANO,2017,19
2,STRUTTURA ACCREDITATA,90535,ANTICORPI ANTI RECETTORI DEL TSH,2017,243
2,STRUTTURA ACCREDITATA,90544,ANTICORPI ANTI TIREOGLOBULINA (ABTG),2017,929
2,STRUTTURA ACCREDITATA,90551,ANTIGENE CARBOIDRATICO 125 (CA 125),2017,656
2,STRUTTURA ACCREDITATA,90552,ANTIGENE CARBOIDRATICO 15.3 (CA 15.3),2017,784
2,STRUTTURA ACCREDITATA,90553,ANTIGENE CARBOIDRATICO 19.9 (CA 19.9),2017,782
2,STRUTTURA ACCREDITATA,90555,ANTIGENE CARBOIDRATICO 50 (CA 50),2017,2
2,STRUTTURA ACCREDITATA,90563,ANTIGENE CARCINO EMBRIONARIO (CEA),2017,1809
2,STRUTTURA ACCREDITATA,90564,ANTIGENE POLIPEPTIDICO TISSUTALE (TPA),2017,6
2,STRUTTURA ACCREDITATA,90565,ANTIGENE PROSTATICO SPECIFICO (PSA),2017,6840
2,STRUTTURA ACCREDITATA,90573,ANTIGENI HLA (CIASCUNO),2017,1
2,STRUTTURA ACCREDITATA,90575,ANTITROMBINA III FUNZIONALE,2017,409
2,STRUTTURA ACCREDITATA,90582,AUTOANTICORPI ANTI ERITROCITI [TEST DI COOMBS DIRETTO],2017,6
2,STRUTTURA ACCREDITATA,90602,"COMPLEMENTO: C1Q, C3, C3 ATT., C4 (CIASCUNO)",2017,407
2,STRUTTURA ACCREDITATA,90611,CRIOGLOBULINE RICERCA,2017,7
2,STRUTTURA ACCREDITATA,90613,CYFRA 21-1,2017,4
2,STRUTTURA ACCREDITATA,90614,D-DIMERO (EIA),2017,23
2,STRUTTURA ACCREDITATA,90615,D-DIMERO (TEST AL LATICE),2017,57
2,STRUTTURA ACCREDITATA,90622,"EMOCROMO:  HB, GR, GB, HCT, PLT, IND. DERIV., F. L.",2017,32242
2,STRUTTURA ACCREDITATA,90642,FATTORE REUMATOIDE,2017,1298
2,STRUTTURA ACCREDITATA,90643,"FATTORI DELLA COAGULAZIONE (II, V, VII, VIII, IX, X, XI, XII, XIII) ( CIASCUNO)",2017,36
2,STRUTTURA ACCREDITATA,90651,FIBRINOGENO FUNZIONALE,2017,319
2,STRUTTURA ACCREDITATA,90663,HB - EMOGLOBINA A2,2017,5
2,STRUTTURA ACCREDITATA,90664,HB - EMOGLOBINA FETALE (DOSAGGIO),2017,3
2,STRUTTURA ACCREDITATA,90665,"HB - EMOGLOBINE ANOMALE (HBS, HBD, HBH, ECC.)",2017,105
2,STRUTTURA ACCREDITATA,90681,"IGE SPECIFICHE ALLERGOLOGICHE: QUANTITATIVO (PER PANNELLO, FINO A 12 ALLERGENI)",2017,572
2,STRUTTURA ACCREDITATA,90683,IGE TOTALI,2017,674
2,STRUTTURA ACCREDITATA,90684,"IGG SOTTOCLASSE 1, 2, 3, 4 (CIASCUNA)",2017,4
2,STRUTTURA ACCREDITATA,90686,IGE SPECIFICHE ALLERGOLOGICHE: QUANTITATIVO (PER CIASCUN ALLERGENE),2017,740
2,STRUTTURA ACCREDITATA,90692,IMMUNOFISSAZIONE,2017,82
2,STRUTTURA ACCREDITATA,90694,"IMMUNOGLOBULINE IGA, IGG O IGM (CIASCUNA)",2017,1568
2,STRUTTURA ACCREDITATA,90704,LEUCOCITI (CONTEGGIO E FORMULA LEUCOCITARIA MICROSCOPICA) [(SG)],2017,119
2,STRUTTURA ACCREDITATA,90722,PROTEINA C ANTICOAGULANTE FUNZIONALE [P],2017,86
2,STRUTTURA ACCREDITATA,90723,PROTEINA C REATTIVA (QUANTITATIVA),2017,10757
2,STRUTTURA ACCREDITATA,90724,PROTEINA S LIBERA [P],2017,93
2,STRUTTURA ACCREDITATA,90742,REAZIONE DI WAALER ROSE,2017,14
2,STRUTTURA ACCREDITATA,90745,RETICOLOCITI (CONTEGGIO) [(SG)],2017,270
2,STRUTTURA ACCREDITATA,90754,TEMPO DI PROTROMBINA (PT),2017,18090
2,STRUTTURA ACCREDITATA,90761,TEMPO DI TROMBOPLASTINA PARZIALE (PTT),2017,1226
2,STRUTTURA ACCREDITATA,90772,TEST DI RESISTENZA ALLA PROTEINA C ATTIVATA,2017,218
2,STRUTTURA ACCREDITATA,90823,TROPONINA I,2017,1551
2,STRUTTURA ACCREDITATA,90825,VELOCITA' DI SEDIMENTAZIONE DELLE EMAZIE (VES),2017,9309
2,STRUTTURA ACCREDITATA,90851,"BATTERI ANTIBIOGRAMMA DA COLTURA (KIRBY BAUER, ALMENO 10 ANTIBIOTICI)",2017,99
2,STRUTTURA ACCREDITATA,90852,"BATTERI ANTIBIOGRAMMA DA COLTURA (M.I.C., ALMENO 10 ANTIBIOTICI)",2017,157
2,STRUTTURA ACCREDITATA,90853,BATTERI ANTIGENI CELLULARI ED EXTRACELLULARI IDENTIFICAZIONE DIRETTA   IN MATERIALI BIOLOGICI (E.I.A,2017,3
2,STRUTTURA ACCREDITATA,90854,BATTERI ANTIGENI CELLULARI ED EXTRACELLULARI IDENTIFICAZIONE DIRETTA  IN MATERIALI BIOLOGICI (AGGLUT,2017,40
2,STRUTTURA ACCREDITATA,90864,"BATTERI IN CAMPIONI BIOLOGICI DIVERSI  RICERCA MICROSCOPICA  COLORAZIONI DI ROUTINE (GRAM, BLU DI ME",2017,8
2,STRUTTURA ACCREDITATA,90874,BORDETELLA ANTICORPI (E.I.A.),2017,36
2,STRUTTURA ACCREDITATA,90875,BORRELIA BURGDORFERI ANTICORPI (E.I.A.),2017,185
2,STRUTTURA ACCREDITATA,90891,CHLAMYDIE ANTICORPI (E.I.A.),2017,40
2,STRUTTURA ACCREDITATA,90902,CHLAMYDIE RICERCA DIRETTA (I.F.),2017,3
2,STRUTTURA ACCREDITATA,90911,CLOSTRIDIUM DIFFICILE TOSSINA NELLE FECI RICERCA DIRETTA (E.I.A.),2017,87
2,STRUTTURA ACCREDITATA,90932,ENTEROBIUS VERMICULARIS [OSSIURI]  RICERCA  MICROSCOPICA  NELLE FECI [MATERIALE PERIANALE] SU CELLOP,2017,50
2,STRUTTURA ACCREDITATA,90933,ESAME COLTURALE CAMPIONI  BIOLOGICI DIVERSI RICERCA COMPLETA MICRORGANISMI E LIEVITI  PATOGENI,2017,181
2,STRUTTURA ACCREDITATA,90934,ESAME COLTURALE CAMPIONI APPARATO GENITOURINARIO    RICERCA COMPLETA MICRORGANISMI E LIEVITI  PATOGE,2017,135
2,STRUTTURA ACCREDITATA,90935,ESAME COLTURALE CAMPIONI CAVITA' ORO-FARINGO-NASALE        RICERCA COMPLETA MICRORGANISMI  E LIEVITI,2017,392
2,STRUTTURA ACCREDITATA,90941,ESAME COLTURALE DEL SANGUE [EMOCOLTURA]        RICERCA COMPLETA MICRORGANISMI E LIEVITI  PATOGENI,2017,15
2,STRUTTURA ACCREDITATA,90942,ESAME COLTURALE DELL' URINA [URINOCOLTURA] CON ANTIBIOGRAMMA. RICERCA COMPLETA MICRORGANISMI E LIEVI,2017,4043
2,STRUTTURA ACCREDITATA,90943,"ESAME COLTURALE DELLE FECI  [COPROCOLTURA] RICERCA SALMONELLE, SHIGELLE E  CAMPYLOBACTER ESCLUSO: E.",2017,305
2,STRUTTURA ACCREDITATA,90944,HELICOBACTER PYLORI ANTICORPI (E.I.A.),2017,37
2,STRUTTURA ACCREDITATA,90953,LEGIONELLE ANTICORPI (TITOLAZIONE MEDIANTE I.F.),2017,1
2,STRUTTURA ACCREDITATA,90984,MICETI IN CAMPIONI BIOLOGICI DIVERSI ESAME COLTURALE,2017,34
2,STRUTTURA ACCREDITATA,91023,MICOBATTERI IN CAMPIONI BIOLOGICI ESAME COLTURALE (MET. TRADIZIONALE),2017,4
2,STRUTTURA ACCREDITATA,91025,MICOPLASMA PNEUMONIAE ANTICORPI (E.I.A.),2017,23
2,STRUTTURA ACCREDITATA,91034,MICOPLASMA PNEUMONIAE IN MATERIALI BIOLOGICI DIVERSI ESAME COLTURALE,2017,6
2,STRUTTURA ACCREDITATA,91035,NEISSERIA GONORRHOEAE  ESAME COLTURALE,2017,1
2,STRUTTURA ACCREDITATA,91054,PARASSITI INTESTINALI RICERCA MICROSCOPICA  (PREVIA CONCENTRAZ. O ARRICCHIM.),2017,296
2,STRUTTURA ACCREDITATA,91081,SALMONELLE E BRUCELLE ANTICORPI (TITOLAZIONE MEDIANTE AGGLUTIN.) [WIDAL-WRIGHT],2017,3
2,STRUTTURA ACCREDITATA,91084,STREPTOCOCCO AGALACTIAE NEL TAMPONE VAGINALE ESAME COLTURALE,2017,4
2,STRUTTURA ACCREDITATA,91085,STREPTOCOCCO ANTICORPI ANTI ANTISTREPTOLISINA-O [T.A.S.],2017,381
2,STRUTTURA ACCREDITATA,91092,STREPTOCOCCUS PYOGENES NEL TAMPONE OROFARINGEO  ESAME COLTURALE,2017,14
2,STRUTTURA ACCREDITATA,91093,TOXOCARA ANTICORPI (E.I.A.),2017,1
2,STRUTTURA ACCREDITATA,91094,TOXOPLASMA ANTICORPI (E.I.A.),2017,5334
2,STRUTTURA ACCREDITATA,91104,TREPONEMA PALLIDUM ANTICORPI (RICERCA QUALITAT. MEDIANTE EMOAGGLUTIN. PASSIVA) [TPHA],2017,3
2,STRUTTURA ACCREDITATA,91105,TREPONEMA PALLIDUM ANTICORPI (RICERCA QUANTIT. MEDIANTE EMOAGGLUTIN. PASSIVA) [TPHA],2017,583
2,STRUTTURA ACCREDITATA,91111,TREPONEMA PALLIDUM ANTICORPI ANTI CARDIOLIPINA (FLOCCULAZIONE) [VDRL] [RPR],2017,698
2,STRUTTURA ACCREDITATA,91112,TRICHOMONAS VAGINALIS NEL SECRETO VAGINALE ESAME COLTURALE,2017,1
2,STRUTTURA ACCREDITATA,91123,VIRUS ADENOVIRUS ANTICORPI (E.I.A.),2017,3
2,STRUTTURA ACCREDITATA,91125,VIRUS ADENOVIRUS IN MATERIALI BIOLOGICI ESAME COLTURALE (METODO RAPIDO),2017,3
2,STRUTTURA ACCREDITATA,91133,"VIRUS ANTIGENI IN MATERIALI BIOLOGICI  RICERCA DIRETTA (AGGLUTINAZIONE PASSIVA) ADENOVIRUS, ROTAVIRU",2017,28
2,STRUTTURA ACCREDITATA,91141,VIRUS CITOMEGALOVIRUS ANTICORPI (E.I.A.),2017,995
2,STRUTTURA ACCREDITATA,91143,VIRUS CITOMEGALOVIRUS ANTICORPI IGM  (E.I.A.),2017,987
2,STRUTTURA ACCREDITATA,91171,VIRUS EPATITE A [HAV] ANTICORPI,2017,63
2,STRUTTURA ACCREDITATA,91172,VIRUS EPATITE A [HAV] ANTICORPI IGM,2017,34
2,STRUTTURA ACCREDITATA,91175,VIRUS EPATITE B [HBV] ANTICORPI HBCAG,2017,364
2,STRUTTURA ACCREDITATA,91181,VIRUS EPATITE B [HBV] ANTICORPI HBCAG  IGM,2017,104
2,STRUTTURA ACCREDITATA,91182,VIRUS EPATITE B [HBV] ANTICORPI HBEAG,2017,57
2,STRUTTURA ACCREDITATA,91183,VIRUS EPATITE B [HBV] ANTICORPI HBSAG,2017,348
2,STRUTTURA ACCREDITATA,91184,VIRUS EPATITE B [HBV] ANTIGENE HBEAG,2017,68
2,STRUTTURA ACCREDITATA,91185,VIRUS EPATITE B [HBV] ANTIGENE HBSAG,2017,989
2,STRUTTURA ACCREDITATA,91195,VIRUS EPATITE C [HCV] ANTICORPI,2017,1129
2,STRUTTURA ACCREDITATA,91201,VIRUS EPATITE C [HCV] IMMUNOBLOTTING (SAGGIO DI CONFERMA),2017,1
2,STRUTTURA ACCREDITATA,91211,VIRUS EPSTEIN BARR [EBV] ANTICORPI (EA O EBNA O VCA) (E.I.A.),2017,2357
2,STRUTTURA ACCREDITATA,91213,VIRUS EPSTEIN BARR [EBV] ANTICORPI ETEROFILI (TEST RAPIDO),2017,76
2,STRUTTURA ACCREDITATA,91221,VIRUS HERPES SIMPLEX (TIPO 1 O 2) ANTICORPI,2017,109
2,STRUTTURA ACCREDITATA,91224,VIRUS IMMUNODEF. ACQUISITA [HIV 1-2] ANTICORPI,2017,1463
2,STRUTTURA ACCREDITATA,91243,VIRUS MORBILLO ANTICORPI (E.I.A.),2017,94
2,STRUTTURA ACCREDITATA,91251,VIRUS PAROTITE ANTICORPI (E.I.A.),2017,47
2,STRUTTURA ACCREDITATA,91254,VIRUS PARVOVIRUS B19 ANTICORPI (E.I.A.),2017,66
2,STRUTTURA ACCREDITATA,91255,VIRUS RESPIRATORIO SINCIZIALE ANTICORPI (E.I.A.),2017,1
2,STRUTTURA ACCREDITATA,91261,VIRUS RESPIRATORIO SINCIZIALE ANTICORPI (I.F.),2017,1
2,STRUTTURA ACCREDITATA,91264,VIRUS ROSOLIA ANTICORPI,2017,1670
2,STRUTTURA ACCREDITATA,91271,VIRUS VARICELLA ZOSTER ANTICORPI (E.I.A.),2017,205
2,STRUTTURA ACCREDITATA,91275,YERSINIA NELLE FECI ESAME COLTURALE,2017,1
2,STRUTTURA ACCREDITATA,91294,ANALISI DI MUTAZIONE DEL DNA  CON REAZIONE POLIMERASICA A CATENA E IBRIDAZIONE CON SONDE NON RADIOMA,2017,9
2,STRUTTURA ACCREDITATA,91303,ANALISI  DI SEGMENTI DI DNA MEDIANTE SEQUENZIAMENTO  (BLOCCHI DI CIRCA 400 BP),2017,6108
2,STRUTTURA ACCREDITATA,91393,ES. CITOLOGICO DI VERSAMENTI (FINO A 5 VETRINI E/O COLORAZIONI),2017,1
2,STRUTTURA ACCREDITATA,91394,ES. CITOLOGICO URINE PER RICERCA CELLULE NEOPLASTICHE (FINO A 5 VETRINI E/O COLORAZIONI),2017,686
2,STRUTTURA ACCREDITATA,91413,ES. ISTOCITOPATOLOGICO APP. DIGERENTE: BIOPSIA ENDOSCOPICA (SEDE UNICA),2017,285
2,STRUTTURA ACCREDITATA,91414,ES. ISTOCITOPATOLOGICO APP. DIGERENTE: BIOPSIA ENDOSCOPICA (SEDI MULTIPLE),2017,471
2,STRUTTURA ACCREDITATA,91421,ES. ISTOCITOPATOLOGICO APP. DIGERENTE: POLIPECTOMIA ENDOSCOPICA (SEDI MULTIPLE),2017,73
2,STRUTTURA ACCREDITATA,91422,ES. ISTOCITOPATOLOGICO APP. DIGERENTE: POLIPECTOMIA ENDOSCOPICA (SINGOLA),2017,254
2,STRUTTURA ACCREDITATA,91492,PRELIEVO DI SANGUE VENOSO,2017,61459
2,STRUTTURA ACCREDITATA,91493,PRELIEVO MICROBIOLOGICO,2017,492
2,STRUTTURA ACCREDITATA,93004,RIABILITAZIONE DEL PAVIMENTO PELVICO COMPRENSIVA DI CICLO DI 10 SEDUTE DI RIEDUCAZIONE MOTORIA INDIV,2017,216
2,STRUTTURA ACCREDITATA,93081,ELETTROMIOGRAFIA SEMPLICE [EMG] ANALISI QUALITATIVA O QUANTITATIVA PER MUSCOLO ESCLUSO: EMG DELL' OC,2017,6628
2,STRUTTURA ACCREDITATA,93082,ELETTROMIOGRAFIA SINGOLA FIBRA DENSITÀ DELLE FIBRE,2017,18
2,STRUTTURA ACCREDITATA,93086,"STIMOLAZIONE RIPETITIVA  STIMOLAZIONE RIPETITIVA PER NERVO, STIMOLAZIONE RIPETITIVA CON TENSILON INC",2017,5
2,STRUTTURA ACCREDITATA,93088,TEST DI ISCHEMIA PROLUNGATA INCLUSO: EMG,2017,8
2,STRUTTURA ACCREDITATA,93089,"VALUTAZIONE ELETTROMIOGRAFICA TUNNEL CARPALE (COMPRENSIVA DI VALUTAZIONE CLINICA, EMG, VELOCITÀ DI C",2017,370
2,STRUTTURA ACCREDITATA,93091,VELOCITA' DI CONDUZIONE NERVOSA MOTORIA  PER NERVO,2017,11668
2,STRUTTURA ACCREDITATA,93092,VELOCITA' DI CONDUZIONE NERVOSA  SENSITIVA PER NERVO,2017,7971
2,STRUTTURA ACCREDITATA,93112,RIEDUCAZIONE MOTORIA INDIVIDUALE IN MOTULESO GRAVE SEMPLICE INCLUSO: BIOFEEDBACK PER SEDUTA DI 30 MI,2017,1043
2,STRUTTURA ACCREDITATA,93114,RIEDUCAZIONE MOTORIA INDIVIDUALE IN MOTULESO SEGMENTALE SEMPLICE INCLUSO: BIOFEEDBACK PER SEDUTA DI,2017,16254
2,STRUTTURA ACCREDITATA,93192,ESERCIZI POSTURALI - PROPRIOCETTIVI PER SEDUTA COLLETTIVA DI 60 MINUTI  MAX. 5 PAZIENTI (CICLO DI DI,2017,82
2,STRUTTURA ACCREDITATA,9322,"TRAINING DEAMBULATORI E DEL PASSO INCLUSO: ADDESTRAMENTO ALL' USO DI PROTESI, ORTESI, AUSILI E/O IST",2017,1432
2,STRUTTURA ACCREDITATA,9326,RISOLUZIONE MANUALE DI ADERENZE ARTICOLARI (PER SEDUTA CICLO SI 10 SEDUTE),2017,1065
2,STRUTTURA ACCREDITATA,93392,MASSOTERAPIA PER DRENAGGIO LINFATICO PER SEDUTA (30 MINUTI CIASCUNA) CICLO DI DIECI SEDUTE,2017,100
2,STRUTTURA ACCREDITATA,93394,ELETTROTERAPIA ANTALGICA  DIADINAMICA PER SEDUTA DI 10 MINUTI  (CICLO DI DIECI SEDUTE),2017,580
2,STRUTTURA ACCREDITATA,93395,"ELETTROTERAPIA ANTALGICA  ELETTROANALGESIA TRANSCUTANEA (TENS, ALTO VOLTAGGIO) PER SEDUTA DI 30 MINU",2017,6303
2,STRUTTURA ACCREDITATA,93399,ULTRASONOTERAPIA PER SEDUTA (CICLO DI DIECI SEDUTE),2017,1530
2,STRUTTURA ACCREDITATA,93561,FASCIATURA SEMPLICE,2017,65
2,STRUTTURA ACCREDITATA,93564,BENDAGGIO ADESIVO ELASTICO (PER SEDUTA CICLO DI 10 SEDUTE),2017,554
2,STRUTTURA ACCREDITATA,93901,INQUADRAMENTO DEI DISTURBI COGNITIVI PER SEDUTA INDIVIDUALE DI N. 4 ORE,2017,395
2,STRUTTURA ACCREDITATA,93902,EPICRISI E REDAZIONE DEL PROGRAMMA TERAPEUTICOPER SEDUTA INDIVIDUALE DI N. 4 ORE,2017,388
2,STRUTTURA ACCREDITATA,93903A,TRATTAMENTO INTENSIVO DI RIABILITAZIONE NEUROCOGNITIVA INDIVIDUALE - PER SEDUTA - CICLO DI N. 5 SEDU,2017,394
2,STRUTTURA ACCREDITATA,93904A,TRATTAMENTO ESTENSIVO DI RIABILITAZIONE NEUROCOGNITIVA INDIVIDUALE - PER SEDUTA - CICLO DI N. 2 SEDU,2017,838
2,STRUTTURA ACCREDITATA,93906,VISITA DI CONTROLLO DI FINE CICLO DI RIABILITAZIONE NEUROCOGNITIVA,2017,15
2,STRUTTURA ACCREDITATA,93921,VALUTAZIONE E INQUADRAMENTO INIZIALE INDIVIDUALE PER LA RIABILITAZIONE ALCOLOGICA PER OGNI CICLO DI,2017,446
2,STRUTTURA ACCREDITATA,93922A,TRATTAMENTO/PERCORSO INDIVIDUALE DI RIABILITAZIONE ALCOLOGICA - PER SEDUTA - CICLO INDIVIDUALE DI RI,2017,8364
2,STRUTTURA ACCREDITATA,93923A,ATTIVITÀ DI SUPPORTO ALLA RIABILITAZIONE ALCOLOGICA - PER SEDUTA - CICLO DI 3 SEDUTE DI COUNSELING E,2017,1201
2,STRUTTURA ACCREDITATA,93924A,TRATTAMENTO PSICOLOGICO DI GRUPPO PER LA RIABILITAZIONE ALCOLOGICA - PER SEDUTA - CICLO DI 9 SEDUTE,2017,3581
2,STRUTTURA ACCREDITATA,93925,VALUTAZIONE INDIVIDUALE DI FINE CICLO DI RIABILITAZIONE ALCOLOGICA PER OGNI CICLO DI RIABILITAZIONE,2017,446
2,STRUTTURA ACCREDITATA,9409,COLLOQUIO PSICOLOGICO CLINICO,2017,192
2,STRUTTURA ACCREDITATA,9501,ESAME PARZIALE DELL'OCCHIO ESAME DELL'OCCHIO CON PRESCRIZIONE DI LENTI,2017,11
2,STRUTTURA ACCREDITATA,9502,"ESAME COMPLESSIVO DELL'OCCHIO VISITA OCULISTICA, ESAME DELL'OCCHIO COMPRENDENTE TUTTI GLI ASPETTI DE",2017,7848
2,STRUTTURA ACCREDITATA,95031,STUDIO DELLA TOPOGRAFIA CORNEALE,2017,186
2,STRUTTURA ACCREDITATA,95033,TOMOGRAFIA RETINICA (OCT) A LUCE COERENTE,2017,3239
2,STRUTTURA ACCREDITATA,95091,ESAME DEL FUNDUS OCULI,2017,37
2,STRUTTURA ACCREDITATA,9512,ANGIOGRAFIA CON FLUORESCEINA O ANGIOSCOPIA OCULARE,2017,73
2,STRUTTURA ACCREDITATA,9513,ECOGRAFIA OCULARE ECOGRAFIA ECOBIOMETRIA,2017,3
2,STRUTTURA ACCREDITATA,95131,PACHIMETRIA CORNEALE,2017,17
2,STRUTTURA ACCREDITATA,95411,ESAME AUDIOMETRICO TONALE,2017,1829
2,STRUTTURA ACCREDITATA,95412,ESAME AUDIOMETRICO VOCALE,2017,1448
2,STRUTTURA ACCREDITATA,95414,ESAME AUDIOMETRICO CONDIZIONATO INFANTILE,2017,5
2,STRUTTURA ACCREDITATA,9542,IMPEDENZOMETRIA,2017,979
2,STRUTTURA ACCREDITATA,95441,TEST CLINICO DELLA FUNZIONALITA' VESTIBOLARE ESAME CLINICO CON PROVE CALORICHE,2017,1
2,STRUTTURA ACCREDITATA,95442,ESAME CLINICO DELLA FUNZIONALITA' VESTIBOLARE TEST POSIZIONALI O RILIEVO SEGNI SPONTANEI,2017,253
2,STRUTTURA ACCREDITATA,9546,ALTRI TEST AUDIOMETRICI O DELLA FUNZIONALITA' VESTIBOLARE PROVE AUDIOMETRICHE SOPRALIMINARI,2017,796
2,STRUTTURA ACCREDITATA,95481,MESSA A PUNTO DI MEZZI PER L'UDITO AUDIOMETRIA TONALE PROTESICA AUDIOMETRIA VOCALE PROTESICA ESCLUSO,2017,7
2,STRUTTURA ACCREDITATA,9649,INSTILLAZIONE GENITOURINARIA INSTILLAZIONE DI SUPPOSTA PROSTAGLANDINICA INSTILLAZIONE DI CHEMIOTERAP,2017,39
2,STRUTTURA ACCREDITATA,9652,IRRIGAZIONE DELL'ORECCHIO IRRIGAZIONE CON RIMOZIONE DI CERUME,2017,1412
2,STRUTTURA ACCREDITATA,9659,"ALTRA IRRIGAZIONE DI FERITA PULIZIA DI FERITA NAS ESCLUSO: SBRIGLIAMENTO (86.22, 86.27-86.28)",2017,610
2,STRUTTURA ACCREDITATA,96591,MEDICAZIONE ULCERE CUTANEE CRONICHE,2017,623
2,STRUTTURA ACCREDITATA,9702,SOSTITUZIONE DI TUBO PER GASTROSTOMIA,2017,3
2,STRUTTURA ACCREDITATA,9788,"RIMOZIONE DI DISPOSITIVO ESTERNO DI IMMOBILIZZAZIONE RIMOZIONE DI SUPPORTO, GESSO, STECCA",2017,4
2,STRUTTURA ACCREDITATA,9811,"RIMOZIONE DI CORPO ESTRANEO INTRALUMINALE DALL'ORECCHIO, SENZA INCISIONE",2017,7
2,STRUTTURA ACCREDITATA,9813,"RIMOZIONE DI CORPO ESTRANEO INTRALUMINALE DALLA  FARINGE, SENZA INCISIONE",2017,2
2,STRUTTURA ACCREDITATA,99239,TERAPIA CON FLEBOCLISI ESCLUSO IL FARMACO,2017,322
2,STRUTTURA ACCREDITATA,9929,INIEZIONE O INFUZIONE DI ALTRE SOSTANZE TERAPEUTICHE INCLUSO: INIEZIONE O INFUSIONE SOMMINISTRATA PE,2017,1211
2,STRUTTURA ACCREDITATA,99294,INFILTRAZIONE MEDICAMENTOSA DEL PENE,2017,83
2,STRUTTURA ACCREDITATA,99991,LASER TERAPIA ANTALGICA PER SEDUTA (CICLO DI DIECI SEDUTE),2017,20
